-- =============================================
-- DATOS DE CONFIGURACIÓN DEL SISTEMA
-- Generado: 2025-10-25T10:48:45.246Z
-- =============================================

-- Deshabilitar triggers y constraints temporalmente
SET session_replication_role = 'replica';

-- Limpiar tablas de configuración (en orden correcto)
TRUNCATE TABLE role_pages CASCADE;
TRUNCATE TABLE role_permissions CASCADE;
TRUNCATE TABLE permissions CASCADE;
TRUNCATE TABLE pages CASCADE;
TRUNCATE TABLE roles CASCADE;
TRUNCATE TABLE system_config CASCADE;


-- Roles del sistema
-- Tabla: roles
INSERT INTO roles (id, name, description, is_system_role, created_at, updated_at) VALUES (1, 'super_admin', 'Acceso total al sistema - Puede gestionar usuarios y permisos', true, '2025-10-16T21:30:37.810Z', '2025-10-16T21:30:37.810Z');
INSERT INTO roles (id, name, description, is_system_role, created_at, updated_at) VALUES (2, 'admin_cr', 'Administrador Costa Rica', false, '2025-10-16T21:30:37.810Z', '2025-10-16T21:30:37.810Z');
INSERT INTO roles (id, name, description, is_system_role, created_at, updated_at) VALUES (3, 'admin_gt', 'Administrador Guatemala', false, '2025-10-16T21:30:37.810Z', '2025-10-16T21:30:37.810Z');
INSERT INTO roles (id, name, description, is_system_role, created_at, updated_at) VALUES (4, 'admin_hn', 'Administrador Honduras', false, '2025-10-16T21:30:37.810Z', '2025-10-16T21:30:37.810Z');
INSERT INTO roles (id, name, description, is_system_role, created_at, updated_at) VALUES (5, 'admin_pa', 'Administrador Panamá', false, '2025-10-16T21:30:37.810Z', '2025-10-16T21:30:37.810Z');
INSERT INTO roles (id, name, description, is_system_role, created_at, updated_at) VALUES (6, 'manager', 'Gestor - Puede crear y modificar datos', false, '2025-10-16T21:30:37.810Z', '2025-10-16T21:30:37.810Z');
INSERT INTO roles (id, name, description, is_system_role, created_at, updated_at) VALUES (7, 'user', 'Usuario estándar - Lectura y escritura limitada', false, '2025-10-16T21:30:37.810Z', '2025-10-16T21:30:37.810Z');
INSERT INTO roles (id, name, description, is_system_role, created_at, updated_at) VALUES (8, 'viewer', 'Solo lectura - No puede modificar datos', false, '2025-10-16T21:30:37.810Z', '2025-10-16T21:30:37.810Z');
INSERT INTO roles (id, name, description, is_system_role, created_at, updated_at) VALUES (17, 'Servicio Tecnico', 'Servicio Tecnico', false, '2025-10-17T20:49:30.010Z', '2025-10-17T20:49:30.010Z');

-- Permisos del sistema
-- Tabla: permissions
INSERT INTO permissions (id, resource, action, description, created_at) VALUES (1, 'dashboard', 'view', 'Ver dashboard principal', '2025-10-16T21:30:37.813Z');
INSERT INTO permissions (id, resource, action, description, created_at) VALUES (2, 'tipos_cambio', 'view', 'Ver tipos de cambio', '2025-10-16T21:30:37.813Z');
INSERT INTO permissions (id, resource, action, description, created_at) VALUES (3, 'tipos_cambio', 'refresh', 'Refrescar/actualizar tipos de cambio', '2025-10-16T21:30:37.813Z');
INSERT INTO permissions (id, resource, action, description, created_at) VALUES (4, 'ordenes_venta', 'view', 'Ver órdenes de venta', '2025-10-16T21:30:37.813Z');
INSERT INTO permissions (id, resource, action, description, created_at) VALUES (5, 'ordenes_venta', 'create', 'Crear órdenes de venta', '2025-10-16T21:30:37.813Z');
INSERT INTO permissions (id, resource, action, description, created_at) VALUES (6, 'ordenes_venta', 'update', 'Modificar órdenes de venta', '2025-10-16T21:30:37.813Z');
INSERT INTO permissions (id, resource, action, description, created_at) VALUES (7, 'ordenes_venta', 'cancel', 'Cancelar órdenes de venta', '2025-10-16T21:30:37.813Z');
INSERT INTO permissions (id, resource, action, description, created_at) VALUES (8, 'ordenes_venta', 'export', 'Exportar órdenes de venta', '2025-10-16T21:30:37.813Z');
INSERT INTO permissions (id, resource, action, description, created_at) VALUES (9, 'ofertas_venta', 'view', 'Ver ofertas de venta', '2025-10-16T21:30:37.813Z');
INSERT INTO permissions (id, resource, action, description, created_at) VALUES (10, 'ofertas_venta', 'create', 'Crear ofertas de venta', '2025-10-16T21:30:37.813Z');
INSERT INTO permissions (id, resource, action, description, created_at) VALUES (11, 'ofertas_venta', 'export', 'Exportar ofertas de venta', '2025-10-16T21:30:37.813Z');
INSERT INTO permissions (id, resource, action, description, created_at) VALUES (12, 'fichas_tecnicas', 'view', 'Ver fichas técnicas', '2025-10-16T21:30:37.813Z');
INSERT INTO permissions (id, resource, action, description, created_at) VALUES (13, 'fichas_tecnicas', 'export', 'Exportar fichas técnicas', '2025-10-16T21:30:37.813Z');
INSERT INTO permissions (id, resource, action, description, created_at) VALUES (14, 'articulos', 'view', 'Ver artículos', '2025-10-16T21:30:37.813Z');
INSERT INTO permissions (id, resource, action, description, created_at) VALUES (15, 'articulos', 'export', 'Exportar artículos', '2025-10-16T21:30:37.813Z');
INSERT INTO permissions (id, resource, action, description, created_at) VALUES (16, 'reportes_eeff', 'view', 'Ver reportes financieros', '2025-10-16T21:30:37.813Z');
INSERT INTO permissions (id, resource, action, description, created_at) VALUES (17, 'reportes_eeff', 'export', 'Exportar reportes', '2025-10-16T21:30:37.813Z');
INSERT INTO permissions (id, resource, action, description, created_at) VALUES (18, 'udo_test', 'view', 'Ver herramienta de diagnóstico UDO', '2025-10-16T21:30:37.813Z');
INSERT INTO permissions (id, resource, action, description, created_at) VALUES (19, 'usuarios', 'view', 'Ver usuarios y permisos', '2025-10-16T21:30:37.813Z');
INSERT INTO permissions (id, resource, action, description, created_at) VALUES (20, 'usuarios', 'manage', 'Gestionar usuarios y permisos', '2025-10-16T21:30:37.813Z');
INSERT INTO permissions (id, resource, action, description, created_at) VALUES (21, 'usuarios', 'sync', 'Sincronizar usuarios desde SAP', '2025-10-16T21:30:37.813Z');
INSERT INTO permissions (id, resource, action, description, created_at) VALUES (22, 'configuracion', 'view', 'Ver configuración del sistema', '2025-10-16T21:30:37.813Z');
INSERT INTO permissions (id, resource, action, description, created_at) VALUES (23, 'configuracion', 'manage', 'Modificar configuración del sistema', '2025-10-16T21:30:37.813Z');
INSERT INTO permissions (id, resource, action, description, created_at) VALUES (24, 'auditoria', 'view', 'Ver logs de auditoría', '2025-10-16T21:30:37.813Z');
INSERT INTO permissions (id, resource, action, description, created_at) VALUES (49, 'configuracion', 'update', 'Modificar configuración del sistema', '2025-10-17T18:07:19.934Z');

-- Asignación de permisos a roles
-- Tabla: role_permissions
INSERT INTO role_permissions (role_id, permission_id, created_at) VALUES (1, 1, '2025-10-16T21:30:37.815Z');
INSERT INTO role_permissions (role_id, permission_id, created_at) VALUES (1, 2, '2025-10-16T21:30:37.815Z');
INSERT INTO role_permissions (role_id, permission_id, created_at) VALUES (1, 3, '2025-10-16T21:30:37.815Z');
INSERT INTO role_permissions (role_id, permission_id, created_at) VALUES (1, 4, '2025-10-16T21:30:37.815Z');
INSERT INTO role_permissions (role_id, permission_id, created_at) VALUES (1, 5, '2025-10-16T21:30:37.815Z');
INSERT INTO role_permissions (role_id, permission_id, created_at) VALUES (1, 6, '2025-10-16T21:30:37.815Z');
INSERT INTO role_permissions (role_id, permission_id, created_at) VALUES (1, 7, '2025-10-16T21:30:37.815Z');
INSERT INTO role_permissions (role_id, permission_id, created_at) VALUES (1, 8, '2025-10-16T21:30:37.815Z');
INSERT INTO role_permissions (role_id, permission_id, created_at) VALUES (1, 9, '2025-10-16T21:30:37.815Z');
INSERT INTO role_permissions (role_id, permission_id, created_at) VALUES (1, 10, '2025-10-16T21:30:37.815Z');
INSERT INTO role_permissions (role_id, permission_id, created_at) VALUES (1, 11, '2025-10-16T21:30:37.815Z');
INSERT INTO role_permissions (role_id, permission_id, created_at) VALUES (1, 12, '2025-10-16T21:30:37.815Z');
INSERT INTO role_permissions (role_id, permission_id, created_at) VALUES (1, 13, '2025-10-16T21:30:37.815Z');
INSERT INTO role_permissions (role_id, permission_id, created_at) VALUES (1, 14, '2025-10-16T21:30:37.815Z');
INSERT INTO role_permissions (role_id, permission_id, created_at) VALUES (1, 15, '2025-10-16T21:30:37.815Z');
INSERT INTO role_permissions (role_id, permission_id, created_at) VALUES (1, 16, '2025-10-16T21:30:37.815Z');
INSERT INTO role_permissions (role_id, permission_id, created_at) VALUES (1, 17, '2025-10-16T21:30:37.815Z');
INSERT INTO role_permissions (role_id, permission_id, created_at) VALUES (1, 18, '2025-10-16T21:30:37.815Z');
INSERT INTO role_permissions (role_id, permission_id, created_at) VALUES (1, 19, '2025-10-16T21:30:37.815Z');
INSERT INTO role_permissions (role_id, permission_id, created_at) VALUES (1, 20, '2025-10-16T21:30:37.815Z');
INSERT INTO role_permissions (role_id, permission_id, created_at) VALUES (1, 21, '2025-10-16T21:30:37.815Z');
INSERT INTO role_permissions (role_id, permission_id, created_at) VALUES (1, 22, '2025-10-16T21:30:37.815Z');
INSERT INTO role_permissions (role_id, permission_id, created_at) VALUES (1, 23, '2025-10-16T21:30:37.815Z');
INSERT INTO role_permissions (role_id, permission_id, created_at) VALUES (1, 24, '2025-10-16T21:30:37.815Z');
INSERT INTO role_permissions (role_id, permission_id, created_at) VALUES (1, 49, '2025-10-17T18:07:19.936Z');
INSERT INTO role_permissions (role_id, permission_id, created_at) VALUES (6, 1, '2025-10-16T21:30:37.826Z');
INSERT INTO role_permissions (role_id, permission_id, created_at) VALUES (6, 2, '2025-10-16T21:30:37.826Z');
INSERT INTO role_permissions (role_id, permission_id, created_at) VALUES (6, 3, '2025-10-16T21:30:37.826Z');
INSERT INTO role_permissions (role_id, permission_id, created_at) VALUES (6, 4, '2025-10-16T21:30:37.826Z');
INSERT INTO role_permissions (role_id, permission_id, created_at) VALUES (6, 5, '2025-10-16T21:30:37.826Z');
INSERT INTO role_permissions (role_id, permission_id, created_at) VALUES (6, 6, '2025-10-16T21:30:37.826Z');
INSERT INTO role_permissions (role_id, permission_id, created_at) VALUES (6, 7, '2025-10-16T21:30:37.826Z');
INSERT INTO role_permissions (role_id, permission_id, created_at) VALUES (6, 8, '2025-10-16T21:30:37.826Z');
INSERT INTO role_permissions (role_id, permission_id, created_at) VALUES (6, 9, '2025-10-16T21:30:37.826Z');
INSERT INTO role_permissions (role_id, permission_id, created_at) VALUES (6, 10, '2025-10-16T21:30:37.826Z');
INSERT INTO role_permissions (role_id, permission_id, created_at) VALUES (6, 11, '2025-10-16T21:30:37.826Z');
INSERT INTO role_permissions (role_id, permission_id, created_at) VALUES (6, 12, '2025-10-16T21:30:37.826Z');
INSERT INTO role_permissions (role_id, permission_id, created_at) VALUES (6, 13, '2025-10-16T21:30:37.826Z');
INSERT INTO role_permissions (role_id, permission_id, created_at) VALUES (6, 14, '2025-10-16T21:30:37.826Z');
INSERT INTO role_permissions (role_id, permission_id, created_at) VALUES (6, 15, '2025-10-16T21:30:37.826Z');
INSERT INTO role_permissions (role_id, permission_id, created_at) VALUES (6, 16, '2025-10-16T21:30:37.826Z');
INSERT INTO role_permissions (role_id, permission_id, created_at) VALUES (6, 17, '2025-10-16T21:30:37.826Z');
INSERT INTO role_permissions (role_id, permission_id, created_at) VALUES (6, 18, '2025-10-16T21:30:37.826Z');
INSERT INTO role_permissions (role_id, permission_id, created_at) VALUES (6, 24, '2025-10-16T21:30:37.826Z');
INSERT INTO role_permissions (role_id, permission_id, created_at) VALUES (7, 1, '2025-10-16T21:30:37.823Z');
INSERT INTO role_permissions (role_id, permission_id, created_at) VALUES (7, 2, '2025-10-16T21:30:37.823Z');
INSERT INTO role_permissions (role_id, permission_id, created_at) VALUES (7, 4, '2025-10-16T21:30:37.823Z');
INSERT INTO role_permissions (role_id, permission_id, created_at) VALUES (7, 5, '2025-10-16T21:30:37.823Z');
INSERT INTO role_permissions (role_id, permission_id, created_at) VALUES (7, 6, '2025-10-16T21:30:37.823Z');
INSERT INTO role_permissions (role_id, permission_id, created_at) VALUES (7, 8, '2025-10-16T21:30:37.823Z');
INSERT INTO role_permissions (role_id, permission_id, created_at) VALUES (7, 9, '2025-10-16T21:30:37.823Z');
INSERT INTO role_permissions (role_id, permission_id, created_at) VALUES (7, 10, '2025-10-16T21:30:37.823Z');
INSERT INTO role_permissions (role_id, permission_id, created_at) VALUES (7, 11, '2025-10-16T21:30:37.823Z');
INSERT INTO role_permissions (role_id, permission_id, created_at) VALUES (7, 12, '2025-10-16T21:30:37.823Z');
INSERT INTO role_permissions (role_id, permission_id, created_at) VALUES (7, 13, '2025-10-16T21:30:37.823Z');
INSERT INTO role_permissions (role_id, permission_id, created_at) VALUES (7, 14, '2025-10-16T21:30:37.823Z');
INSERT INTO role_permissions (role_id, permission_id, created_at) VALUES (7, 15, '2025-10-16T21:30:37.823Z');
INSERT INTO role_permissions (role_id, permission_id, created_at) VALUES (7, 16, '2025-10-16T21:30:37.823Z');
INSERT INTO role_permissions (role_id, permission_id, created_at) VALUES (7, 17, '2025-10-16T21:30:37.823Z');
INSERT INTO role_permissions (role_id, permission_id, created_at) VALUES (7, 18, '2025-10-16T21:30:37.823Z');
INSERT INTO role_permissions (role_id, permission_id, created_at) VALUES (8, 1, '2025-10-16T21:30:37.821Z');
INSERT INTO role_permissions (role_id, permission_id, created_at) VALUES (8, 2, '2025-10-16T21:30:37.821Z');
INSERT INTO role_permissions (role_id, permission_id, created_at) VALUES (8, 4, '2025-10-16T21:30:37.821Z');
INSERT INTO role_permissions (role_id, permission_id, created_at) VALUES (8, 9, '2025-10-16T21:30:37.821Z');
INSERT INTO role_permissions (role_id, permission_id, created_at) VALUES (8, 12, '2025-10-16T21:30:37.821Z');
INSERT INTO role_permissions (role_id, permission_id, created_at) VALUES (8, 14, '2025-10-16T21:30:37.821Z');
INSERT INTO role_permissions (role_id, permission_id, created_at) VALUES (8, 16, '2025-10-16T21:30:37.821Z');
INSERT INTO role_permissions (role_id, permission_id, created_at) VALUES (8, 18, '2025-10-16T21:30:37.821Z');

-- Páginas del sistema
-- Tabla: pages
INSERT INTO pages (id, name, path, icon, description, display_order, is_active, created_at, updated_at) VALUES (1, 'Dashboard', '/dashboard.html', 'fas fa-home', 'Panel principal del sistema', 10, true, '2025-10-17T18:30:27.537Z', '2025-10-24T18:45:42.681Z');
INSERT INTO pages (id, name, path, icon, description, display_order, is_active, created_at, updated_at) VALUES (2, 'Tipos de Cambio', '/tipos-cambio.html', 'fas fa-dollar-sign', 'Gestión de tipos de cambio', 70, true, '2025-10-17T18:30:27.537Z', '2025-10-24T18:45:42.681Z');
INSERT INTO pages (id, name, path, icon, description, display_order, is_active, created_at, updated_at) VALUES (3, 'Órdenes de Venta', '/ordenes-venta.html', 'fas fa-shopping-cart', 'Gestión de órdenes de venta', 50, true, '2025-10-17T18:30:27.537Z', '2025-10-24T18:45:42.681Z');
INSERT INTO pages (id, name, path, icon, description, display_order, is_active, created_at, updated_at) VALUES (4, 'Ofertas de Venta', '/ofertas-venta.html', 'fas fa-file-invoice', 'Gestión de ofertas de venta', 40, true, '2025-10-17T18:30:27.537Z', '2025-10-24T18:45:42.681Z');
INSERT INTO pages (id, name, path, icon, description, display_order, is_active, created_at, updated_at) VALUES (5, 'Fichas Técnicas', '/fichas-tecnicas.html', 'fas fa-clipboard-list', 'Consulta de fichas técnicas', 60, true, '2025-10-17T18:30:27.537Z', '2025-10-24T18:45:42.681Z');
INSERT INTO pages (id, name, path, icon, description, display_order, is_active, created_at, updated_at) VALUES (6, 'Artículos', '/articulos.html', 'fas fa-box', 'Catálogo de artículos', 30, true, '2025-10-17T18:30:27.537Z', '2025-10-24T18:45:42.681Z');
INSERT INTO pages (id, name, path, icon, description, display_order, is_active, created_at, updated_at) VALUES (7, 'Reportes EEFF', '/reportes-eeff.html', 'fas fa-chart-bar', 'Reportes de estados financieros', 80, false, '2025-10-17T18:30:27.537Z', '2025-10-24T19:16:12.139Z');
INSERT INTO pages (id, name, path, icon, description, display_order, is_active, created_at, updated_at) VALUES (8, 'Test UDOs', '/test-udos.html', 'fas fa-vial', 'Herramienta de diagnóstico UDO', 90, false, '2025-10-17T18:30:27.537Z', '2025-10-24T19:16:12.139Z');
INSERT INTO pages (id, name, path, icon, description, display_order, is_active, created_at, updated_at) VALUES (9, 'Admin Permisos', '/admin-permisos.html', 'fas fa-user-shield', 'Administración de permisos y usuarios', 100, true, '2025-10-17T18:30:27.537Z', '2025-10-24T18:45:42.681Z');
INSERT INTO pages (id, name, path, icon, description, display_order, is_active, created_at, updated_at) VALUES (10, 'Config Sistema', '/config-sistema.html', 'fas fa-cog', 'Configuración del sistema', 110, true, '2025-10-17T18:30:27.537Z', '2025-10-24T18:45:42.681Z');
INSERT INTO pages (id, name, path, icon, description, display_order, is_active, created_at, updated_at) VALUES (11, 'Dashboard Inventario', '/dashboard-inventario.html', 'fas fa-warehouse', 'Dashboard ejecutivo de inventario multi-país', 20, true, '2025-10-20T17:53:39.810Z', '2025-10-24T18:45:42.681Z');

-- Asignación de páginas a roles
-- Tabla: role_pages
INSERT INTO role_pages (role_id, page_id, granted_at, granted_by) VALUES (1, 1, '2025-10-17T20:07:11.436Z', 'stifmolina2');
INSERT INTO role_pages (role_id, page_id, granted_at, granted_by) VALUES (1, 2, '2025-10-17T20:07:11.436Z', 'stifmolina2');
INSERT INTO role_pages (role_id, page_id, granted_at, granted_by) VALUES (1, 3, '2025-10-17T20:07:11.436Z', 'stifmolina2');
INSERT INTO role_pages (role_id, page_id, granted_at, granted_by) VALUES (1, 4, '2025-10-17T20:07:11.436Z', 'stifmolina2');
INSERT INTO role_pages (role_id, page_id, granted_at, granted_by) VALUES (1, 5, '2025-10-17T20:07:11.436Z', 'stifmolina2');
INSERT INTO role_pages (role_id, page_id, granted_at, granted_by) VALUES (1, 6, '2025-10-17T20:07:11.436Z', 'stifmolina2');
INSERT INTO role_pages (role_id, page_id, granted_at, granted_by) VALUES (1, 9, '2025-10-17T20:07:11.436Z', 'stifmolina2');
INSERT INTO role_pages (role_id, page_id, granted_at, granted_by) VALUES (1, 10, '2025-10-17T20:07:11.436Z', 'stifmolina2');
INSERT INTO role_pages (role_id, page_id, granted_at, granted_by) VALUES (1, 11, '2025-10-20T17:53:39.810Z', 'system');
INSERT INTO role_pages (role_id, page_id, granted_at, granted_by) VALUES (2, 1, '2025-10-24T18:38:31.319Z', 'system_script');
INSERT INTO role_pages (role_id, page_id, granted_at, granted_by) VALUES (2, 2, '2025-10-24T18:38:31.319Z', 'system_script');
INSERT INTO role_pages (role_id, page_id, granted_at, granted_by) VALUES (2, 3, '2025-10-24T18:38:31.319Z', 'system_script');
INSERT INTO role_pages (role_id, page_id, granted_at, granted_by) VALUES (2, 4, '2025-10-24T18:38:31.319Z', 'system_script');
INSERT INTO role_pages (role_id, page_id, granted_at, granted_by) VALUES (2, 5, '2025-10-24T18:38:31.319Z', 'system_script');
INSERT INTO role_pages (role_id, page_id, granted_at, granted_by) VALUES (2, 6, '2025-10-24T18:38:31.319Z', 'system_script');
INSERT INTO role_pages (role_id, page_id, granted_at, granted_by) VALUES (2, 9, '2025-10-24T18:38:31.319Z', 'system_script');
INSERT INTO role_pages (role_id, page_id, granted_at, granted_by) VALUES (2, 10, '2025-10-24T18:38:31.319Z', 'system_script');
INSERT INTO role_pages (role_id, page_id, granted_at, granted_by) VALUES (2, 11, '2025-10-21T19:29:22.697Z', NULL);
INSERT INTO role_pages (role_id, page_id, granted_at, granted_by) VALUES (3, 1, '2025-10-24T18:38:31.319Z', 'system_script');
INSERT INTO role_pages (role_id, page_id, granted_at, granted_by) VALUES (3, 2, '2025-10-24T18:38:31.319Z', 'system_script');
INSERT INTO role_pages (role_id, page_id, granted_at, granted_by) VALUES (3, 3, '2025-10-24T18:38:31.319Z', 'system_script');
INSERT INTO role_pages (role_id, page_id, granted_at, granted_by) VALUES (3, 4, '2025-10-24T18:38:31.319Z', 'system_script');
INSERT INTO role_pages (role_id, page_id, granted_at, granted_by) VALUES (3, 5, '2025-10-24T18:38:31.319Z', 'system_script');
INSERT INTO role_pages (role_id, page_id, granted_at, granted_by) VALUES (3, 6, '2025-10-24T18:38:31.319Z', 'system_script');
INSERT INTO role_pages (role_id, page_id, granted_at, granted_by) VALUES (3, 9, '2025-10-24T18:38:31.319Z', 'system_script');
INSERT INTO role_pages (role_id, page_id, granted_at, granted_by) VALUES (3, 10, '2025-10-24T18:38:31.319Z', 'system_script');
INSERT INTO role_pages (role_id, page_id, granted_at, granted_by) VALUES (3, 11, '2025-10-21T19:29:22.714Z', NULL);
INSERT INTO role_pages (role_id, page_id, granted_at, granted_by) VALUES (4, 1, '2025-10-24T18:38:31.319Z', 'system_script');
INSERT INTO role_pages (role_id, page_id, granted_at, granted_by) VALUES (4, 2, '2025-10-24T18:38:31.319Z', 'system_script');
INSERT INTO role_pages (role_id, page_id, granted_at, granted_by) VALUES (4, 3, '2025-10-24T18:38:31.319Z', 'system_script');
INSERT INTO role_pages (role_id, page_id, granted_at, granted_by) VALUES (4, 4, '2025-10-24T18:38:31.319Z', 'system_script');
INSERT INTO role_pages (role_id, page_id, granted_at, granted_by) VALUES (4, 5, '2025-10-24T18:38:31.319Z', 'system_script');
INSERT INTO role_pages (role_id, page_id, granted_at, granted_by) VALUES (4, 6, '2025-10-24T18:38:31.319Z', 'system_script');
INSERT INTO role_pages (role_id, page_id, granted_at, granted_by) VALUES (4, 9, '2025-10-24T18:38:31.319Z', 'system_script');
INSERT INTO role_pages (role_id, page_id, granted_at, granted_by) VALUES (4, 10, '2025-10-24T18:38:31.319Z', 'system_script');
INSERT INTO role_pages (role_id, page_id, granted_at, granted_by) VALUES (4, 11, '2025-10-21T19:29:22.719Z', NULL);
INSERT INTO role_pages (role_id, page_id, granted_at, granted_by) VALUES (5, 1, '2025-10-24T18:38:31.319Z', 'system_script');
INSERT INTO role_pages (role_id, page_id, granted_at, granted_by) VALUES (5, 2, '2025-10-24T18:38:31.319Z', 'system_script');
INSERT INTO role_pages (role_id, page_id, granted_at, granted_by) VALUES (5, 3, '2025-10-24T18:38:31.319Z', 'system_script');
INSERT INTO role_pages (role_id, page_id, granted_at, granted_by) VALUES (5, 4, '2025-10-24T18:38:31.319Z', 'system_script');
INSERT INTO role_pages (role_id, page_id, granted_at, granted_by) VALUES (5, 5, '2025-10-24T18:38:31.319Z', 'system_script');
INSERT INTO role_pages (role_id, page_id, granted_at, granted_by) VALUES (5, 6, '2025-10-24T18:38:31.319Z', 'system_script');
INSERT INTO role_pages (role_id, page_id, granted_at, granted_by) VALUES (5, 9, '2025-10-24T18:38:31.319Z', 'system_script');
INSERT INTO role_pages (role_id, page_id, granted_at, granted_by) VALUES (5, 10, '2025-10-24T18:38:31.319Z', 'system_script');
INSERT INTO role_pages (role_id, page_id, granted_at, granted_by) VALUES (5, 11, '2025-10-21T19:29:22.724Z', NULL);
INSERT INTO role_pages (role_id, page_id, granted_at, granted_by) VALUES (6, 1, '2025-10-24T18:38:31.319Z', 'system_script');
INSERT INTO role_pages (role_id, page_id, granted_at, granted_by) VALUES (6, 2, '2025-10-24T18:38:31.319Z', 'system_script');
INSERT INTO role_pages (role_id, page_id, granted_at, granted_by) VALUES (6, 3, '2025-10-24T18:38:31.319Z', 'system_script');
INSERT INTO role_pages (role_id, page_id, granted_at, granted_by) VALUES (6, 4, '2025-10-24T18:38:31.319Z', 'system_script');
INSERT INTO role_pages (role_id, page_id, granted_at, granted_by) VALUES (6, 5, '2025-10-24T18:38:31.319Z', 'system_script');
INSERT INTO role_pages (role_id, page_id, granted_at, granted_by) VALUES (6, 6, '2025-10-24T18:38:31.319Z', 'system_script');
INSERT INTO role_pages (role_id, page_id, granted_at, granted_by) VALUES (6, 9, '2025-10-24T18:38:31.319Z', 'system_script');
INSERT INTO role_pages (role_id, page_id, granted_at, granted_by) VALUES (6, 10, '2025-10-24T18:38:31.319Z', 'system_script');
INSERT INTO role_pages (role_id, page_id, granted_at, granted_by) VALUES (6, 11, '2025-10-21T19:29:22.728Z', NULL);
INSERT INTO role_pages (role_id, page_id, granted_at, granted_by) VALUES (7, 1, '2025-10-21T20:40:04.067Z', 'stifmolina2');
INSERT INTO role_pages (role_id, page_id, granted_at, granted_by) VALUES (7, 2, '2025-10-24T18:38:31.319Z', 'system_script');
INSERT INTO role_pages (role_id, page_id, granted_at, granted_by) VALUES (7, 3, '2025-10-21T20:40:04.067Z', 'stifmolina2');
INSERT INTO role_pages (role_id, page_id, granted_at, granted_by) VALUES (7, 4, '2025-10-21T20:40:04.067Z', 'stifmolina2');
INSERT INTO role_pages (role_id, page_id, granted_at, granted_by) VALUES (7, 5, '2025-10-21T20:40:04.067Z', 'stifmolina2');
INSERT INTO role_pages (role_id, page_id, granted_at, granted_by) VALUES (7, 6, '2025-10-21T20:40:04.067Z', 'stifmolina2');
INSERT INTO role_pages (role_id, page_id, granted_at, granted_by) VALUES (7, 9, '2025-10-24T18:38:31.319Z', 'system_script');
INSERT INTO role_pages (role_id, page_id, granted_at, granted_by) VALUES (7, 10, '2025-10-24T18:38:31.319Z', 'system_script');
INSERT INTO role_pages (role_id, page_id, granted_at, granted_by) VALUES (7, 11, '2025-10-21T20:40:04.067Z', 'stifmolina2');
INSERT INTO role_pages (role_id, page_id, granted_at, granted_by) VALUES (8, 1, '2025-10-24T18:38:31.319Z', 'system_script');
INSERT INTO role_pages (role_id, page_id, granted_at, granted_by) VALUES (8, 2, '2025-10-24T18:38:31.319Z', 'system_script');
INSERT INTO role_pages (role_id, page_id, granted_at, granted_by) VALUES (8, 3, '2025-10-24T18:38:31.319Z', 'system_script');
INSERT INTO role_pages (role_id, page_id, granted_at, granted_by) VALUES (8, 4, '2025-10-24T18:38:31.319Z', 'system_script');
INSERT INTO role_pages (role_id, page_id, granted_at, granted_by) VALUES (8, 5, '2025-10-24T18:38:31.319Z', 'system_script');
INSERT INTO role_pages (role_id, page_id, granted_at, granted_by) VALUES (8, 6, '2025-10-24T18:38:31.319Z', 'system_script');
INSERT INTO role_pages (role_id, page_id, granted_at, granted_by) VALUES (8, 9, '2025-10-24T18:38:31.319Z', 'system_script');
INSERT INTO role_pages (role_id, page_id, granted_at, granted_by) VALUES (8, 10, '2025-10-24T18:38:31.319Z', 'system_script');
INSERT INTO role_pages (role_id, page_id, granted_at, granted_by) VALUES (8, 11, '2025-10-24T18:38:31.319Z', 'system_script');
INSERT INTO role_pages (role_id, page_id, granted_at, granted_by) VALUES (17, 1, '2025-10-17T20:53:34.454Z', 'stifmolina2');
INSERT INTO role_pages (role_id, page_id, granted_at, granted_by) VALUES (17, 2, '2025-10-21T20:27:56.912Z', NULL);
INSERT INTO role_pages (role_id, page_id, granted_at, granted_by) VALUES (17, 3, '2025-10-21T20:27:56.905Z', NULL);
INSERT INTO role_pages (role_id, page_id, granted_at, granted_by) VALUES (17, 4, '2025-10-21T20:27:56.900Z', NULL);
INSERT INTO role_pages (role_id, page_id, granted_at, granted_by) VALUES (17, 5, '2025-10-21T20:27:56.877Z', NULL);
INSERT INTO role_pages (role_id, page_id, granted_at, granted_by) VALUES (17, 6, '2025-10-17T20:53:34.454Z', 'stifmolina2');
INSERT INTO role_pages (role_id, page_id, granted_at, granted_by) VALUES (17, 9, '2025-10-24T18:38:31.319Z', 'system_script');
INSERT INTO role_pages (role_id, page_id, granted_at, granted_by) VALUES (17, 10, '2025-10-24T18:38:31.319Z', 'system_script');
INSERT INTO role_pages (role_id, page_id, granted_at, granted_by) VALUES (17, 11, '2025-10-21T19:29:22.736Z', NULL);

-- Configuración del sistema
-- Tabla: system_config
INSERT INTO system_config (key, value, description, category, is_sensitive, updated_by, updated_at, created_at) VALUES ('app_display_name', 'STIA - Existencias Region', 'Nombre visible de la aplicación', 'general', false, 'stifmolina2', '2025-10-17T22:43:04.291Z', '2025-10-17T18:06:06.441Z');
INSERT INTO system_config (key, value, description, category, is_sensitive, updated_by, updated_at, created_at) VALUES ('app_version', '1.0.0', 'Versión actual de la aplicación', 'general', false, 'system', '2025-10-17T18:06:06.442Z', '2025-10-17T18:06:06.442Z');
INSERT INTO system_config (key, value, description, category, is_sensitive, updated_by, updated_at, created_at) VALUES ('sap_endpoint', 'https://sap-stiacmzdr-sl.skyinone.net:50000/', 'URL del SAP Service Layer (incluir puerto y trailing slash)', 'sap', false, 'system', '2025-10-17T18:06:06.437Z', '2025-10-17T18:06:06.437Z');
INSERT INTO system_config (key, value, description, category, is_sensitive, updated_by, updated_at, created_at) VALUES ('sap_retries', '3', 'Número de reintentos para peticiones SAP fallidas', 'sap', false, 'system', '2025-10-17T18:06:06.439Z', '2025-10-17T18:06:06.439Z');
INSERT INTO system_config (key, value, description, category, is_sensitive, updated_by, updated_at, created_at) VALUES ('sap_timeout', '10000', 'Timeout para peticiones SAP en milisegundos', 'sap', false, 'system', '2025-10-17T18:06:06.438Z', '2025-10-17T18:06:06.438Z');
INSERT INTO system_config (key, value, description, category, is_sensitive, updated_by, updated_at, created_at) VALUES ('sap_verify_ssl', 'false', 'Verificar certificados SSL en peticiones SAP (true/false)', 'sap', false, 'system', '2025-10-17T18:06:06.440Z', '2025-10-17T18:06:06.440Z');

-- Usuarios del sistema (sin contraseñas)
-- Tabla: sap_users
INSERT INTO sap_users (username, full_name, email, is_active, sap_company_db, last_sync_at, created_at) VALUES ('_PSU_1', '_PSU_1', '', false, 'SBO_STIACR_PROD', '2025-10-21T19:51:35.430Z', '2025-10-17T16:58:57.440Z') ON CONFLICT (username) DO NOTHING;
INSERT INTO sap_users (username, full_name, email, is_active, sap_company_db, last_sync_at, created_at) VALUES ('_PSU_2', '_PSU_2', '', true, 'SBO_STIACR_PROD', '2025-10-21T19:51:35.494Z', '2025-10-17T16:58:57.462Z') ON CONFLICT (username) DO NOTHING;
INSERT INTO sap_users (username, full_name, email, is_active, sap_company_db, last_sync_at, created_at) VALUES ('AlertSvc', 'AlertSvc', 'notificaciones@stia.net', true, 'SBO_STIACR_PROD', '2025-10-21T19:51:35.621Z', '2025-10-17T16:58:57.517Z') ON CONFLICT (username) DO NOTHING;
INSERT INTO sap_users (username, full_name, email, is_active, sap_company_db, last_sync_at, created_at) VALUES ('B1i', 'B1i', '', false, 'SBO_STIACR_PROD', '2025-10-21T19:51:35.383Z', '2025-10-17T16:58:57.422Z') ON CONFLICT (username) DO NOTHING;
INSERT INTO sap_users (username, full_name, email, is_active, sap_company_db, last_sync_at, created_at) VALUES ('Consultas', 'Consultas', '', true, 'SBO_STIACR_PROD', '2025-10-21T19:51:35.696Z', '2025-10-16T22:12:30.850Z') ON CONFLICT (username) DO NOTHING;
INSERT INTO sap_users (username, full_name, email, is_active, sap_company_db, last_sync_at, created_at) VALUES ('EDsUser', 'EDsUser', '', true, 'SBO_STIACR_PROD', '2025-10-21T19:51:35.416Z', '2025-10-17T16:58:57.434Z') ON CONFLICT (username) DO NOTHING;
INSERT INTO sap_users (username, full_name, email, is_active, sap_company_db, last_sync_at, created_at) VALUES ('FacturaElec', 'FacturaElec', '', true, 'SBO_STIACR_PROD', '2025-10-21T19:51:35.618Z', '2025-10-17T16:58:57.515Z') ON CONFLICT (username) DO NOTHING;
INSERT INTO sap_users (username, full_name, email, is_active, sap_company_db, last_sync_at, created_at) VALUES ('manager', 'manager', 'notificaciones@stia.net', true, 'SBO_STIACR_PROD', '2025-10-21T19:51:35.624Z', '2025-10-17T16:58:57.524Z') ON CONFLICT (username) DO NOTHING;
INSERT INTO sap_users (username, full_name, email, is_active, sap_company_db, last_sync_at, created_at) VALUES ('stiaaddon', 'stiaaddon', '', true, 'SBO_STIACR_PROD', '2025-10-21T19:51:35.400Z', '2025-10-16T21:41:10.456Z') ON CONFLICT (username) DO NOTHING;
INSERT INTO sap_users (username, full_name, email, is_active, sap_company_db, last_sync_at, created_at) VALUES ('stiachavarria', 'Chavarria Martínez Alejandra Maria', 'cotizaciones@stia.net', false, 'SBO_STIACR_PROD', '2025-10-21T19:51:35.439Z', '2025-10-16T21:41:10.466Z') ON CONFLICT (username) DO NOTHING;
INSERT INTO sap_users (username, full_name, email, is_active, sap_company_db, last_sync_at, created_at) VALUES ('stiacruz', 'stiacruz', '', true, 'SBO_STIACR_PROD', '2025-10-21T19:51:35.595Z', '2025-10-16T22:12:30.822Z') ON CONFLICT (username) DO NOTHING;
INSERT INTO sap_users (username, full_name, email, is_active, sap_company_db, last_sync_at, created_at) VALUES ('stiaddon', 'stiaddon', '', true, 'SBO_STIACR_PROD', '2025-10-21T19:51:35.607Z', '2025-10-16T22:12:30.830Z') ON CONFLICT (username) DO NOTHING;
INSERT INTO sap_users (username, full_name, email, is_active, sap_company_db, last_sync_at, created_at) VALUES ('stiafuentes', 'Fuentes Nuñez Elber Alexis', 'afuentes@stia.net', true, 'SBO_STIACR_PROD', '2025-10-21T19:51:35.610Z', '2025-10-16T22:12:30.832Z') ON CONFLICT (username) DO NOTHING;
INSERT INTO sap_users (username, full_name, email, is_active, sap_company_db, last_sync_at, created_at) VALUES ('stiamolina', 'Molina Madrigal Gerardo Alfredo', 'amolina@stia.net', false, 'SBO_STIACR_PROD', '2025-10-21T19:51:35.489Z', '2025-10-16T22:12:30.750Z') ON CONFLICT (username) DO NOTHING;
INSERT INTO sap_users (username, full_name, email, is_active, sap_company_db, last_sync_at, created_at) VALUES ('stiapapili', 'Papili Solano Andrey', '', false, 'SBO_STIACR_PROD', '2025-10-21T19:51:35.526Z', '2025-10-16T22:12:30.772Z') ON CONFLICT (username) DO NOTHING;
INSERT INTO sap_users (username, full_name, email, is_active, sap_company_db, last_sync_at, created_at) VALUES ('stiapena', 'Peña Vargas Andrea', 'asistecnicos@stia.net', true, 'SBO_STIACR_PROD', '2025-10-21T19:51:35.645Z', '2025-10-16T21:41:10.470Z') ON CONFLICT (username) DO NOTHING;
INSERT INTO sap_users (username, full_name, email, is_active, sap_company_db, last_sync_at, created_at) VALUES ('stiasarria', 'stiasarria', '', true, 'SBO_STIACR_PROD', '2025-10-21T19:51:35.584Z', '2025-10-16T22:12:30.816Z') ON CONFLICT (username) DO NOTHING;
INSERT INTO sap_users (username, full_name, email, is_active, sap_company_db, last_sync_at, created_at) VALUES ('stiavargas', 'Vargas Corella Angie', 'avargas@stia.net', false, 'SBO_STIACR_PROD', '2025-10-21T19:51:35.538Z', '2025-10-16T22:12:30.781Z') ON CONFLICT (username) DO NOTHING;
INSERT INTO sap_users (username, full_name, email, is_active, sap_company_db, last_sync_at, created_at) VALUES ('stibdelgado', 'stibdelgado', '', true, 'SBO_STIACR_PROD', '2025-10-21T19:51:35.425Z', '2025-10-16T21:41:10.462Z') ON CONFLICT (username) DO NOTHING;
INSERT INTO sap_users (username, full_name, email, is_active, sap_company_db, last_sync_at, created_at) VALUES ('stibmendez', 'Mendez Jimenez Brigitte', 'bmendez@stia.net', true, 'SBO_STIACR_PROD', '2025-10-21T19:51:35.453Z', '2025-10-17T16:58:57.546Z') ON CONFLICT (username) DO NOTHING;
INSERT INTO sap_users (username, full_name, email, is_active, sap_company_db, last_sync_at, created_at) VALUES ('stibporras', 'Porras Gomez Bryan', 'bporras@stia.net', true, 'SBO_STIACR_PROD', '2025-10-21T19:51:35.675Z', '2025-10-16T22:12:30.881Z') ON CONFLICT (username) DO NOTHING;
INSERT INTO sap_users (username, full_name, email, is_active, sap_company_db, last_sync_at, created_at) VALUES ('stibvillalobos', 'Consultor -Bryan Villalobos HCO', '', true, 'SBO_STIACR_PROD', '2025-10-21T19:51:35.368Z', '2025-10-16T21:41:10.444Z') ON CONFLICT (username) DO NOTHING;
INSERT INTO sap_users (username, full_name, email, is_active, sap_company_db, last_sync_at, created_at) VALUES ('sticaraya', 'Araya Vargas Carlos', 'caraya@stia.net', true, 'SBO_STIACR_PROD', '2025-10-21T19:51:35.598Z', '2025-10-16T22:12:30.858Z') ON CONFLICT (username) DO NOTHING;
INSERT INTO sap_users (username, full_name, email, is_active, sap_company_db, last_sync_at, created_at) VALUES ('sticlopez', 'Lopez Sanchez Cesar Gerardo', 'bodegaprincipal@stia.net', true, 'SBO_STIACR_PROD', '2025-10-21T19:51:35.576Z', '2025-10-16T22:12:30.820Z') ON CONFLICT (username) DO NOTHING;
INSERT INTO sap_users (username, full_name, email, is_active, sap_company_db, last_sync_at, created_at) VALUES ('sticmena', 'Mena Vega Cinthya', 'cmena@stia.net', true, 'SBO_STIACR_PROD', '2025-10-21T19:51:35.626Z', '2025-10-16T22:12:30.869Z') ON CONFLICT (username) DO NOTHING;
INSERT INTO sap_users (username, full_name, email, is_active, sap_company_db, last_sync_at, created_at) VALUES ('sticontapanama', 'Contador Panama', '', true, 'SBO_STIACR_PROD', '2025-10-21T19:51:35.568Z', '2025-10-16T22:12:30.807Z') ON CONFLICT (username) DO NOTHING;
INSERT INTO sap_users (username, full_name, email, is_active, sap_company_db, last_sync_at, created_at) VALUES ('sticreyes', 'Carlos Reyes Zeledón', 'mplanta@stia.net', true, 'SBO_STIACR_PROD', '2025-10-21T19:51:35.442Z', '2025-10-16T21:41:10.467Z') ON CONFLICT (username) DO NOTHING;
INSERT INTO sap_users (username, full_name, email, is_active, sap_company_db, last_sync_at, created_at) VALUES ('stictejeira', 'Carolina Tejeira', 'logistica@stia.com.pa', false, 'SBO_STIACR_PROD', '2025-10-21T19:51:35.523Z', '2025-10-16T22:12:30.770Z') ON CONFLICT (username) DO NOTHING;
INSERT INTO sap_users (username, full_name, email, is_active, sap_company_db, last_sync_at, created_at) VALUES ('stidalvarado', 'Daniela Alvarado', '', true, 'SBO_STIACR_PROD', '2025-10-21T19:51:35.547Z', '2025-10-16T22:12:30.818Z') ON CONFLICT (username) DO NOTHING;
INSERT INTO sap_users (username, full_name, email, is_active, sap_company_db, last_sync_at, created_at) VALUES ('stidavila', 'Avila Guerrero David', 'davila@stia.net', true, 'SBO_STIACR_PROD', '2025-10-21T19:51:35.629Z', '2025-10-16T22:12:30.744Z') ON CONFLICT (username) DO NOTHING;
INSERT INTO sap_users (username, full_name, email, is_active, sap_company_db, last_sync_at, created_at) VALUES ('stidchacon', 'Chacon Vega Darlign', 'servicioalcliente@stia.net', true, 'SBO_STIACR_PROD', '2025-10-21T19:51:35.574Z', '2025-10-16T22:12:30.867Z') ON CONFLICT (username) DO NOTHING;
INSERT INTO sap_users (username, full_name, email, is_active, sap_company_db, last_sync_at, created_at) VALUES ('stidespinoza', 'Espinoza Bonilla Diana Maria', 'despinoza@stia.net', true, 'SBO_STIACR_PROD', '2025-10-21T19:51:35.444Z', '2025-10-16T22:12:30.863Z') ON CONFLICT (username) DO NOTHING;
INSERT INTO sap_users (username, full_name, email, is_active, sap_company_db, last_sync_at, created_at) VALUES ('stidhernandez', 'Diego Hernandez Bolaños', 'despachocedi@stia.net', true, 'SBO_STIACR_PROD', '2025-10-21T19:51:35.616Z', '2025-10-16T22:12:30.844Z') ON CONFLICT (username) DO NOTHING;
INSERT INTO sap_users (username, full_name, email, is_active, sap_company_db, last_sync_at, created_at) VALUES ('stidmena', 'Abarca Mena Daniela', 'ventas@stia.net', false, 'SBO_STIACR_PROD', '2025-10-21T19:51:35.433Z', '2025-10-16T21:41:10.463Z') ON CONFLICT (username) DO NOTHING;
INSERT INTO sap_users (username, full_name, email, is_active, sap_company_db, last_sync_at, created_at) VALUES ('stidrivas', 'Rivas Alfaro Daniel', 'drivas@stia.net', true, 'SBO_STIACR_PROD', '2025-10-21T19:51:35.642Z', '2025-10-16T22:12:30.877Z') ON CONFLICT (username) DO NOTHING;
INSERT INTO sap_users (username, full_name, email, is_active, sap_company_db, last_sync_at, created_at) VALUES ('stiechaparro', 'stiechaparro', '', true, 'SBO_STIACR_PROD', '2025-10-21T19:51:35.396Z', '2025-10-16T21:41:10.454Z') ON CONFLICT (username) DO NOTHING;
INSERT INTO sap_users (username, full_name, email, is_active, sap_company_db, last_sync_at, created_at) VALUES ('stiejimenez', 'Jiménez Leiva Jorge Ernesto', 'ejimenez@stia.net', true, 'SBO_STIACR_PROD', '2025-10-21T19:51:35.648Z', '2025-10-16T22:12:30.838Z') ON CONFLICT (username) DO NOTHING;
INSERT INTO sap_users (username, full_name, email, is_active, sap_company_db, last_sync_at, created_at) VALUES ('stiemora', 'Mora Arce Erick', 'emora@stia.net', true, 'SBO_STIACR_PROD', '2025-10-21T19:51:35.669Z', '2025-10-16T22:12:30.790Z') ON CONFLICT (username) DO NOTHING;
INSERT INTO sap_users (username, full_name, email, is_active, sap_company_db, last_sync_at, created_at) VALUES ('stieparis', 'Paris Vasquez Evelyn', 'eparis@stia.net', true, 'SBO_STIACR_PROD', '2025-10-21T19:51:35.699Z', '2025-10-16T22:12:30.792Z') ON CONFLICT (username) DO NOTHING;
INSERT INTO sap_users (username, full_name, email, is_active, sap_company_db, last_sync_at, created_at) VALUES ('stieramirez', 'Ramirez Sanchez Eladio', 'eramirez@stia.net', true, 'SBO_STIACR_PROD', '2025-10-21T19:51:35.666Z', '2025-10-16T22:12:30.738Z') ON CONFLICT (username) DO NOTHING;
INSERT INTO sap_users (username, full_name, email, is_active, sap_company_db, last_sync_at, created_at) VALUES ('stiesramirez', 'Ramirez Arguello Esteban', 'earguello@stia.net', true, 'SBO_STIACR_PROD', '2025-10-21T19:51:35.541Z', '2025-10-16T22:12:30.787Z') ON CONFLICT (username) DO NOTHING;
INSERT INTO sap_users (username, full_name, email, is_active, sap_company_db, last_sync_at, created_at) VALUES ('stifflores', 'Fabiola Flores', '', false, 'SBO_STIACR_PROD', '2025-10-21T19:51:35.509Z', '2025-10-16T22:12:30.760Z') ON CONFLICT (username) DO NOTHING;
INSERT INTO sap_users (username, full_name, email, is_active, sap_company_db, last_sync_at, created_at) VALUES ('stifmolina', 'Freddy Molina', 'freddy@quercu.com', true, 'SBO_STIACR_PROD', '2025-10-21T19:51:35.500Z', '2025-10-16T22:12:30.755Z') ON CONFLICT (username) DO NOTHING;
INSERT INTO sap_users (username, full_name, email, is_active, sap_company_db, last_sync_at, created_at) VALUES ('stifmolina2', 'Molina Martinez Freddy', 'freddy@bluesystem.io', true, 'SBO_STIACR_PROD', '2025-10-21T19:51:35.693Z', '2025-10-16T21:31:14.924Z') ON CONFLICT (username) DO NOTHING;
INSERT INTO sap_users (username, full_name, email, is_active, sap_company_db, last_sync_at, created_at) VALUES ('stifperez', 'Perez Alfaro Fernanda', 'ventas@stia.net', true, 'SBO_STIACR_PROD', '2025-10-21T19:51:35.592Z', '2025-10-16T22:12:30.875Z') ON CONFLICT (username) DO NOTHING;
INSERT INTO sap_users (username, full_name, email, is_active, sap_company_db, last_sync_at, created_at) VALUES ('stifquiros', 'Quiros Conejo Freddy', 'fquieros@stia.net', true, 'SBO_STIACR_PROD', '2025-10-21T19:51:35.467Z', '2025-10-16T22:12:30.783Z') ON CONFLICT (username) DO NOTHING;
INSERT INTO sap_users (username, full_name, email, is_active, sap_company_db, last_sync_at, created_at) VALUES ('stigcampos', 'Campos Ramírez Gerardo Esteban', 'asisbodegarepuestos@stia.net', true, 'SBO_STIACR_PROD', '2025-10-21T19:51:35.559Z', '2025-10-16T22:12:30.741Z') ON CONFLICT (username) DO NOTHING;
INSERT INTO sap_users (username, full_name, email, is_active, sap_company_db, last_sync_at, created_at) VALUES ('stigmendez', 'Mendez Guillermo', 'gmendez@stia.net', true, 'SBO_STIACR_PROD', '2025-10-21T19:51:35.556Z', '2025-10-16T22:12:30.798Z') ON CONFLICT (username) DO NOTHING;
INSERT INTO sap_users (username, full_name, email, is_active, sap_company_db, last_sync_at, created_at) VALUES ('stigramirez', 'Ramirez Quiros Ana Gabriela', 'gramirez@stia.net', false, 'SBO_STIACR_PROD', '2025-10-21T19:51:35.476Z', '2025-10-16T22:12:30.742Z') ON CONFLICT (username) DO NOTHING;
INSERT INTO sap_users (username, full_name, email, is_active, sap_company_db, last_sync_at, created_at) VALUES ('stihcastro', 'Castro Rojas Hairy Melania', '', true, 'SBO_STIACR_PROD', '2025-10-21T19:51:35.450Z', '2025-10-16T21:41:10.469Z') ON CONFLICT (username) DO NOTHING;
INSERT INTO sap_users (username, full_name, email, is_active, sap_company_db, last_sync_at, created_at) VALUES ('stihwong', 'Hellen Wong Toledo', 'hwong@stia.net', true, 'SBO_STIACR_PROD', '2025-10-21T19:51:35.435Z', '2025-10-16T21:41:10.465Z') ON CONFLICT (username) DO NOTHING;
INSERT INTO sap_users (username, full_name, email, is_active, sap_company_db, last_sync_at, created_at) VALUES ('stiiarceyut', 'Arceyut Varela Ivan Enrique', 'iarceyut@stia.net', true, 'SBO_STIACR_PROD', '2025-10-21T19:51:35.590Z', '2025-10-16T22:12:30.848Z') ON CONFLICT (username) DO NOTHING;
INSERT INTO sap_users (username, full_name, email, is_active, sap_company_db, last_sync_at, created_at) VALUES ('stijcastillo', 'Castillo Chinchilla Jose Luis', 'jcastillo@stia.net', true, 'SBO_STIACR_PROD', '2025-10-21T19:51:35.544Z', '2025-10-16T22:12:30.824Z') ON CONFLICT (username) DO NOTHING;
INSERT INTO sap_users (username, full_name, email, is_active, sap_company_db, last_sync_at, created_at) VALUES ('stijgarita', 'Garita Morales Joyce Mariana', 'jgarita@stia.net', true, 'SBO_STIACR_PROD', '2025-10-21T19:51:35.587Z', '2025-10-16T21:41:10.471Z') ON CONFLICT (username) DO NOTHING;
INSERT INTO sap_users (username, full_name, email, is_active, sap_company_db, last_sync_at, created_at) VALUES ('stijmendoza', 'Agustin Mendoza Jhonatan', '', true, 'SBO_STIACR_PROD', '2025-10-21T19:51:35.553Z', '2025-10-16T22:12:30.796Z') ON CONFLICT (username) DO NOTHING;
INSERT INTO sap_users (username, full_name, email, is_active, sap_company_db, last_sync_at, created_at) VALUES ('stijperez', 'Perez Alfaro Jimena', 'cotizaciones@stia.net', true, 'SBO_STIACR_PROD', '2025-10-21T19:51:35.678Z', '2025-10-16T22:12:30.861Z') ON CONFLICT (username) DO NOTHING;
INSERT INTO sap_users (username, full_name, email, is_active, sap_company_db, last_sync_at, created_at) VALUES ('stijpicado', 'Joselyn Picado', '', true, 'SBO_STIACR_PROD', '2025-10-21T19:51:35.672Z', '2025-10-16T22:12:30.859Z') ON CONFLICT (username) DO NOTHING;
INSERT INTO sap_users (username, full_name, email, is_active, sap_company_db, last_sync_at, created_at) VALUES ('stijramirez', 'Ramirez Carballo Jesus', 'bodega@stia.net', true, 'SBO_STIACR_PROD', '2025-10-21T19:51:35.636Z', '2025-10-16T22:12:30.840Z') ON CONFLICT (username) DO NOTHING;
INSERT INTO sap_users (username, full_name, email, is_active, sap_company_db, last_sync_at, created_at) VALUES ('stijruiz', 'stijruiz', '', true, 'SBO_STIACR_PROD', '2025-10-21T19:51:35.461Z', '2025-10-16T22:12:30.736Z') ON CONFLICT (username) DO NOTHING;
INSERT INTO sap_users (username, full_name, email, is_active, sap_company_db, last_sync_at, created_at) VALUES ('stijsan', 'Sanlee Bermudez Jeffry', 'jsanlee@stia.net', true, 'SBO_STIACR_PROD', '2025-10-21T19:51:35.404Z', '2025-10-16T22:12:30.871Z') ON CONFLICT (username) DO NOTHING;
INSERT INTO sap_users (username, full_name, email, is_active, sap_company_db, last_sync_at, created_at) VALUES ('stijvega', 'Jose Vega', '', true, 'SBO_STIACR_PROD', '2025-10-21T19:51:35.571Z', '2025-10-16T22:12:30.810Z') ON CONFLICT (username) DO NOTHING;
INSERT INTO sap_users (username, full_name, email, is_active, sap_company_db, last_sync_at, created_at) VALUES ('stikdinarte', 'Dinarte Peña Kathia', 'kdinarte@stia.net', true, 'SBO_STIACR_PROD', '2025-10-21T19:51:35.484Z', '2025-10-16T22:12:30.747Z') ON CONFLICT (username) DO NOTHING;
INSERT INTO sap_users (username, full_name, email, is_active, sap_company_db, last_sync_at, created_at) VALUES ('stikrodriguez', 'stikrodriguez', '', false, 'SBO_STIACR_PROD', '2025-10-21T19:51:35.613Z', '2025-10-16T22:12:30.834Z') ON CONFLICT (username) DO NOTHING;
INSERT INTO sap_users (username, full_name, email, is_active, sap_company_db, last_sync_at, created_at) VALUES ('stiksolera', 'Solera Monge Karolina', 'credito@stia.net', true, 'SBO_STIACR_PROD', '2025-10-21T19:51:35.658Z', '2025-10-16T22:12:30.812Z') ON CONFLICT (username) DO NOTHING;
INSERT INTO sap_users (username, full_name, email, is_active, sap_company_db, last_sync_at, created_at) VALUES ('stikzamora', 'Zamora Mondragon Karina', 'inocuidadycalidad@stia.net', true, 'SBO_STIACR_PROD', '2025-10-21T19:51:35.455Z', '2025-10-16T22:12:30.740Z') ON CONFLICT (username) DO NOTHING;
INSERT INTO sap_users (username, full_name, email, is_active, sap_company_db, last_sync_at, created_at) VALUES ('stilburgos', 'Luis Burgos Figueroa', 'lburgos@stia.net', true, 'SBO_STIACR_PROD', '2025-10-21T19:51:35.550Z', '2025-10-16T22:12:30.794Z') ON CONFLICT (username) DO NOTHING;
INSERT INTO sap_users (username, full_name, email, is_active, sap_company_db, last_sync_at, created_at) VALUES ('stilherrera', 'HerrerA HerrerA LucreciA', 'lherrera@stia.net', true, 'SBO_STIACR_PROD', '2025-10-21T19:51:35.520Z', '2025-10-16T22:12:30.768Z') ON CONFLICT (username) DO NOTHING;
INSERT INTO sap_users (username, full_name, email, is_active, sap_company_db, last_sync_at, created_at) VALUES ('stilobregon', 'Obregón Arroyo Laura', 'recursoshumanos@stia.net', false, 'SBO_STIACR_PROD', '2025-10-21T19:51:35.422Z', '2025-10-16T21:41:10.461Z') ON CONFLICT (username) DO NOTHING;
INSERT INTO sap_users (username, full_name, email, is_active, sap_company_db, last_sync_at, created_at) VALUES ('stilortega', 'stilortega', '', true, 'SBO_STIACR_PROD', '2025-10-21T19:51:35.565Z', '2025-10-16T22:12:30.805Z') ON CONFLICT (username) DO NOTHING;
INSERT INTO sap_users (username, full_name, email, is_active, sap_company_db, last_sync_at, created_at) VALUES ('stilrojas', 'Rojas Chaves Luis Roberto', 'lrojas@stia.net', false, 'SBO_STIACR_PROD', '2025-10-21T19:51:35.506Z', '2025-10-16T22:12:30.758Z') ON CONFLICT (username) DO NOTHING;
INSERT INTO sap_users (username, full_name, email, is_active, sap_company_db, last_sync_at, created_at) VALUES ('stimarodriguez', 'Rodriguez Gonzalez Marco Antonio', 'mrodriguez@stia.net', true, 'SBO_STIACR_PROD', '2025-10-21T19:51:35.655Z', '2025-10-16T21:41:10.457Z') ON CONFLICT (username) DO NOTHING;
INSERT INTO sap_users (username, full_name, email, is_active, sap_company_db, last_sync_at, created_at) VALUES ('stimartavia', 'Artavia Rojas Michelle', 'asiscontable@stia.net', false, 'SBO_STIACR_PROD', '2025-10-21T19:51:35.532Z', '2025-10-16T22:12:30.777Z') ON CONFLICT (username) DO NOTHING;
INSERT INTO sap_users (username, full_name, email, is_active, sap_company_db, last_sync_at, created_at) VALUES ('stimcarvajal', 'Carvajal Gutierrez Miguel Alonso', 'mcarvajal@stia.net', true, 'SBO_STIACR_PROD', '2025-10-21T19:51:35.604Z', '2025-10-16T22:12:30.828Z') ON CONFLICT (username) DO NOTHING;
INSERT INTO sap_users (username, full_name, email, is_active, sap_company_db, last_sync_at, created_at) VALUES ('stimcespedes', 'Cespedes Lopez Melissa', 'inocuidadycalidad@stia.net', true, 'SBO_STIACR_PROD', '2025-10-21T19:51:35.503Z', '2025-10-16T22:12:30.756Z') ON CONFLICT (username) DO NOTHING;
INSERT INTO sap_users (username, full_name, email, is_active, sap_company_db, last_sync_at, created_at) VALUES ('stimchacon', 'stimchacon', '', true, 'SBO_STIACR_PROD', '2025-10-21T19:51:35.486Z', '2025-10-16T22:12:30.748Z') ON CONFLICT (username) DO NOTHING;
INSERT INTO sap_users (username, full_name, email, is_active, sap_company_db, last_sync_at, created_at) VALUES ('stimcoto', 'Marlene Coto', 'marlene.coto@stia.net', true, 'SBO_STIACR_PROD', '2025-10-21T19:51:35.410Z', '2025-10-16T21:41:10.459Z') ON CONFLICT (username) DO NOTHING;
INSERT INTO sap_users (username, full_name, email, is_active, sap_company_db, last_sync_at, created_at) VALUES ('stimgonzalez', 'Gonzalez Benavides Miguel', 'bodegarepuestos@stia.net', true, 'SBO_STIACR_PROD', '2025-10-21T19:51:35.473Z', '2025-10-16T22:12:30.842Z') ON CONFLICT (username) DO NOTHING;
INSERT INTO sap_users (username, full_name, email, is_active, sap_company_db, last_sync_at, created_at) VALUES ('stimjimenez', 'Monica Jimenez Maradiaga', 'mjimenez@stia.net', true, 'SBO_STIACR_PROD', '2025-10-21T19:51:35.517Z', '2025-10-16T22:12:30.766Z') ON CONFLICT (username) DO NOTHING;
INSERT INTO sap_users (username, full_name, email, is_active, sap_company_db, last_sync_at, created_at) VALUES ('stimmarin', 'Marin Alvarado Mario Adolfo', 'mmarin@stia.net', true, 'SBO_STIACR_PROD', '2025-10-21T19:51:35.582Z', '2025-10-16T22:12:30.854Z') ON CONFLICT (username) DO NOTHING;
INSERT INTO sap_users (username, full_name, email, is_active, sap_company_db, last_sync_at, created_at) VALUES ('stimperez', 'Perez Montero Mario Alberto', 'mperez@stia.net', true, 'SBO_STIACR_PROD', '2025-10-21T19:51:35.579Z', '2025-10-17T16:58:57.487Z') ON CONFLICT (username) DO NOTHING;
INSERT INTO sap_users (username, full_name, email, is_active, sap_company_db, last_sync_at, created_at) VALUES ('stimramirez', 'Ramírez Sánchez Mariela', 'mramirez@stia.net', true, 'SBO_STIACR_PROD', '2025-10-21T19:51:35.687Z', '2025-10-16T22:12:30.856Z') ON CONFLICT (username) DO NOTHING;
INSERT INTO sap_users (username, full_name, email, is_active, sap_company_db, last_sync_at, created_at) VALUES ('stimrodriguez', 'Rodriguez Blanco Melissa', 'logistica@stia.net', true, 'SBO_STIACR_PROD', '2025-10-21T19:51:35.639Z', '2025-10-16T22:12:30.803Z') ON CONFLICT (username) DO NOTHING;
INSERT INTO sap_users (username, full_name, email, is_active, sap_company_db, last_sync_at, created_at) VALUES ('stimvargas', 'stimvargas', '', true, 'SBO_STIACR_PROD', '2025-10-21T19:51:35.407Z', '2025-10-16T21:41:10.458Z') ON CONFLICT (username) DO NOTHING;
INSERT INTO sap_users (username, full_name, email, is_active, sap_company_db, last_sync_at, created_at) VALUES ('stinroque', 'Nayeska Adelaida Roque Diaz', 'nroque@stia.net', true, 'SBO_STIACR_PROD', '2025-10-21T19:51:35.562Z', '2025-10-16T22:12:30.836Z') ON CONFLICT (username) DO NOTHING;
INSERT INTO sap_users (username, full_name, email, is_active, sap_company_db, last_sync_at, created_at) VALUES ('stinsalazar', 'Vasquez Nancy Vanessa Salazar', 'nsalazar@stia.net', true, 'SBO_STIACR_PROD', '2025-10-21T19:51:35.651Z', '2025-10-16T22:12:30.873Z') ON CONFLICT (username) DO NOTHING;
INSERT INTO sap_users (username, full_name, email, is_active, sap_company_db, last_sync_at, created_at) VALUES ('stiocruz', 'Cruz Cantillano Olvin', 'ocruz@stia.net', true, 'SBO_STIACR_PROD', '2025-10-21T19:51:35.497Z', '2025-10-16T22:12:30.753Z') ON CONFLICT (username) DO NOTHING;
INSERT INTO sap_users (username, full_name, email, is_active, sap_company_db, last_sync_at, created_at) VALUES ('stiorosas', 'Rosas Ramirez Oscar', 'orosas@stia.net', true, 'SBO_STIACR_PROD', '2025-10-21T19:51:35.413Z', '2025-10-16T21:41:10.460Z') ON CONFLICT (username) DO NOTHING;
INSERT INTO sap_users (username, full_name, email, is_active, sap_company_db, last_sync_at, created_at) VALUES ('stipcamacho', 'Camacho Valverde Paula', 'pcamacho@stia.net', true, 'SBO_STIACR_PROD', '2025-10-21T19:51:35.470Z', '2025-10-16T22:12:30.865Z') ON CONFLICT (username) DO NOTHING;
INSERT INTO sap_users (username, full_name, email, is_active, sap_company_db, last_sync_at, created_at) VALUES ('stipcastro', 'Castro Ovares Pedro', 'pcastro@stia.net', true, 'SBO_STIACR_PROD', '2025-10-21T19:51:35.632Z', '2025-10-16T21:41:10.452Z') ON CONFLICT (username) DO NOTHING;
INSERT INTO sap_users (username, full_name, email, is_active, sap_company_db, last_sync_at, created_at) VALUES ('stirarguello', 'Arguello Vargas Roxana', 'rarguello@stia.net', true, 'SBO_STIACR_PROD', '2025-10-21T19:51:35.663Z', '2025-10-16T22:12:30.879Z') ON CONFLICT (username) DO NOTHING;
INSERT INTO sap_users (username, full_name, email, is_active, sap_company_db, last_sync_at, created_at) VALUES ('stirsanchez', 'Sanchez Ledezma Rosa', 'recepcion@stia.net', false, 'SBO_STIACR_PROD', '2025-10-21T19:51:35.535Z', '2025-10-16T22:12:30.779Z') ON CONFLICT (username) DO NOTHING;
INSERT INTO sap_users (username, full_name, email, is_active, sap_company_db, last_sync_at, created_at) VALUES ('stirugalde', 'Ugalde Trigueros Roy', 'mplanta@stia.net', false, 'SBO_STIACR_PROD', '2025-10-21T19:51:35.514Z', '2025-10-16T22:12:30.764Z') ON CONFLICT (username) DO NOTHING;
INSERT INTO sap_users (username, full_name, email, is_active, sap_company_db, last_sync_at, created_at) VALUES ('stirvargas', 'Vargas Sandoval Rigoberto', 'rvargas@stia.net', true, 'SBO_STIACR_PROD', '2025-10-21T19:51:35.478Z', '2025-10-16T22:12:30.814Z') ON CONFLICT (username) DO NOTHING;
INSERT INTO sap_users (username, full_name, email, is_active, sap_company_db, last_sync_at, created_at) VALUES ('stirzuniga', 'Zuñiga Fajardo Randall', 'rzuñiga@stia.net', true, 'SBO_STIACR_PROD', '2025-10-21T19:51:35.389Z', '2025-10-16T22:12:30.846Z') ON CONFLICT (username) DO NOTHING;
INSERT INTO sap_users (username, full_name, email, is_active, sap_company_db, last_sync_at, created_at) VALUES ('stishernandez', 'stishernandez', '', true, 'SBO_STIACR_PROD', '2025-10-21T19:51:35.447Z', '2025-10-16T21:41:10.468Z') ON CONFLICT (username) DO NOTHING;
INSERT INTO sap_users (username, full_name, email, is_active, sap_company_db, last_sync_at, created_at) VALUES ('stismora', 'Mora Solano Stefanny', 'recepcion@stia.net', false, 'SBO_STIACR_PROD', '2025-10-21T19:51:35.386Z', '2025-10-16T21:41:10.451Z') ON CONFLICT (username) DO NOTHING;
INSERT INTO sap_users (username, full_name, email, is_active, sap_company_db, last_sync_at, created_at) VALUES ('stisnoguera', 'Noguera Soto Steven', 'facturacion@stia.net', true, 'SBO_STIACR_PROD', '2025-10-21T19:51:35.681Z', '2025-10-16T22:12:30.852Z') ON CONFLICT (username) DO NOTHING;
INSERT INTO sap_users (username, full_name, email, is_active, sap_company_db, last_sync_at, created_at) VALUES ('stisoviedo', 'Oviedo Alfaro Stephanie', 'asiscontable@stia.net', false, 'SBO_STIACR_PROD', '2025-10-21T19:51:35.464Z', '2025-10-16T22:12:30.737Z') ON CONFLICT (username) DO NOTHING;
INSERT INTO sap_users (username, full_name, email, is_active, sap_company_db, last_sync_at, created_at) VALUES ('stivmartinez', 'Martínez Zamora Valeria', 'vmartinez@stia.net', false, 'SBO_STIACR_PROD', '2025-10-21T19:51:35.481Z', '2025-10-16T22:12:30.746Z') ON CONFLICT (username) DO NOTHING;
INSERT INTO sap_users (username, full_name, email, is_active, sap_company_db, last_sync_at, created_at) VALUES ('stivponce', 'Ponce Víctor Luis', 'inspeccioncalidad@stia.net', true, 'SBO_STIACR_PROD', '2025-10-21T19:51:35.684Z', '2025-10-16T22:12:30.801Z') ON CONFLICT (username) DO NOTHING;
INSERT INTO sap_users (username, full_name, email, is_active, sap_company_db, last_sync_at, created_at) VALUES ('stivrojas', 'Rojas Garcia Valerie Mileny', 'internacional@stia.net', true, 'SBO_STIACR_PROD', '2025-10-21T19:51:35.601Z', '2025-10-16T22:12:30.826Z') ON CONFLICT (username) DO NOTHING;
INSERT INTO sap_users (username, full_name, email, is_active, sap_company_db, last_sync_at, created_at) VALUES ('stiwzerpa', 'Winder Zerpa', '', true, 'SBO_STIACR_PROD', '2025-10-21T19:51:35.458Z', '2025-10-16T22:12:30.735Z') ON CONFLICT (username) DO NOTHING;
INSERT INTO sap_users (username, full_name, email, is_active, sap_company_db, last_sync_at, created_at) VALUES ('stiyalpizar', 'Alpizar Madrigal Yuliana', 'yalpizar@stia.net', false, 'SBO_STIACR_PROD', '2025-10-21T19:51:35.529Z', '2025-10-16T22:12:30.774Z') ON CONFLICT (username) DO NOTHING;
INSERT INTO sap_users (username, full_name, email, is_active, sap_company_db, last_sync_at, created_at) VALUES ('stiyquesada', 'stiyquesada', '', false, 'SBO_STIACR_PROD', '2025-10-21T19:51:35.512Z', '2025-10-16T22:12:30.762Z') ON CONFLICT (username) DO NOTHING;
INSERT INTO sap_users (username, full_name, email, is_active, sap_company_db, last_sync_at, created_at) VALUES ('stiysalas', 'Salas Quesada Yendry', 'recepcion@stia.net', true, 'SBO_STIACR_PROD', '2025-10-21T19:51:35.690Z', '2025-10-16T22:12:30.883Z') ON CONFLICT (username) DO NOTHING;
INSERT INTO sap_users (username, full_name, email, is_active, sap_company_db, last_sync_at, created_at) VALUES ('Support', 'Support', '', true, 'SBO_STIACR_PROD', '2025-10-21T19:51:35.419Z', '2025-10-17T16:58:57.436Z') ON CONFLICT (username) DO NOTHING;
INSERT INTO sap_users (username, full_name, email, is_active, sap_company_db, last_sync_at, created_at) VALUES ('w5YFtIsWApAMpkUjHRKTcw==', 'Dinarte Peña Kattia', 'kdinarte@stia.net', false, 'SBO_STIACR_PROD', '2025-10-21T19:51:35.393Z', '2025-10-16T21:41:10.453Z') ON CONFLICT (username) DO NOTHING;
INSERT INTO sap_users (username, full_name, email, is_active, sap_company_db, last_sync_at, created_at) VALUES ('Workflow', 'Workflow', '', true, 'SBO_STIACR_PROD', '2025-10-21T19:51:35.428Z', '2025-10-17T16:58:57.439Z') ON CONFLICT (username) DO NOTHING;
INSERT INTO sap_users (username, full_name, email, is_active, sap_company_db, last_sync_at, created_at) VALUES ('zn1gawx3qRg8bgTs1Ogv4A==', 'stiyquesada', '', true, 'SBO_STIACR_PROD', '2025-10-21T19:51:35.491Z', '2025-10-16T22:12:30.752Z') ON CONFLICT (username) DO NOTHING;

-- Asignación de roles a usuarios
-- Tabla: user_roles
INSERT INTO user_roles (username, role_id, company_db, granted_by, granted_at) VALUES ('_PSU_2', '7', '*', 'system', '2025-10-25T10:33:04.466Z') ON CONFLICT (username, role_id, company_db) DO NOTHING;
INSERT INTO user_roles (username, role_id, company_db, granted_by, granted_at) VALUES ('AlertSvc', '7', '*', 'system', '2025-10-25T10:33:04.514Z') ON CONFLICT (username, role_id, company_db) DO NOTHING;
INSERT INTO user_roles (username, role_id, company_db, granted_by, granted_at) VALUES ('Consultas', '7', 'SBO_STIACR_PROD', 'system', '2025-10-21T20:11:33.824Z') ON CONFLICT (username, role_id, company_db) DO NOTHING;
INSERT INTO user_roles (username, role_id, company_db, granted_by, granted_at) VALUES ('EDsUser', '7', '*', 'system', '2025-10-25T10:33:04.543Z') ON CONFLICT (username, role_id, company_db) DO NOTHING;
INSERT INTO user_roles (username, role_id, company_db, granted_by, granted_at) VALUES ('FacturaElec', '7', '*', 'system', '2025-10-25T10:33:04.575Z') ON CONFLICT (username, role_id, company_db) DO NOTHING;
INSERT INTO user_roles (username, role_id, company_db, granted_by, granted_at) VALUES ('manager', '4', 'SBO_GT_STIA_PROD', 'stifmolina2', '2025-10-17T17:39:00.974Z') ON CONFLICT (username, role_id, company_db) DO NOTHING;
INSERT INTO user_roles (username, role_id, company_db, granted_by, granted_at) VALUES ('stiaaddon', '7', '*', 'system', '2025-10-25T10:33:04.603Z') ON CONFLICT (username, role_id, company_db) DO NOTHING;
INSERT INTO user_roles (username, role_id, company_db, granted_by, granted_at) VALUES ('stiacruz', '7', '*', 'system', '2025-10-25T10:33:04.630Z') ON CONFLICT (username, role_id, company_db) DO NOTHING;
INSERT INTO user_roles (username, role_id, company_db, granted_by, granted_at) VALUES ('stiaddon', '7', '*', 'system', '2025-10-25T10:33:04.654Z') ON CONFLICT (username, role_id, company_db) DO NOTHING;
INSERT INTO user_roles (username, role_id, company_db, granted_by, granted_at) VALUES ('stiafuentes', '7', '*', 'system', '2025-10-25T10:33:04.679Z') ON CONFLICT (username, role_id, company_db) DO NOTHING;
INSERT INTO user_roles (username, role_id, company_db, granted_by, granted_at) VALUES ('stiapena', '7', '*', 'system', '2025-10-25T10:33:04.701Z') ON CONFLICT (username, role_id, company_db) DO NOTHING;
INSERT INTO user_roles (username, role_id, company_db, granted_by, granted_at) VALUES ('stiasarria', '7', '*', 'system', '2025-10-25T10:33:04.724Z') ON CONFLICT (username, role_id, company_db) DO NOTHING;
INSERT INTO user_roles (username, role_id, company_db, granted_by, granted_at) VALUES ('stibdelgado', '7', '*', 'system', '2025-10-25T10:33:04.748Z') ON CONFLICT (username, role_id, company_db) DO NOTHING;
INSERT INTO user_roles (username, role_id, company_db, granted_by, granted_at) VALUES ('stibmendez', '7', 'SBO_STIACR_PROD', 'system', '2025-10-21T20:24:18.725Z') ON CONFLICT (username, role_id, company_db) DO NOTHING;
INSERT INTO user_roles (username, role_id, company_db, granted_by, granted_at) VALUES ('stibporras', '7', '*', 'system', '2025-10-25T10:33:04.772Z') ON CONFLICT (username, role_id, company_db) DO NOTHING;
INSERT INTO user_roles (username, role_id, company_db, granted_by, granted_at) VALUES ('stibvillalobos', '7', '*', 'system', '2025-10-25T10:33:04.793Z') ON CONFLICT (username, role_id, company_db) DO NOTHING;
INSERT INTO user_roles (username, role_id, company_db, granted_by, granted_at) VALUES ('sticaraya', '7', '*', 'system', '2025-10-25T10:33:04.816Z') ON CONFLICT (username, role_id, company_db) DO NOTHING;
INSERT INTO user_roles (username, role_id, company_db, granted_by, granted_at) VALUES ('sticlopez', '7', '*', 'system', '2025-10-25T10:33:04.843Z') ON CONFLICT (username, role_id, company_db) DO NOTHING;
INSERT INTO user_roles (username, role_id, company_db, granted_by, granted_at) VALUES ('sticmena', '7', '*', 'system', '2025-10-25T10:33:04.872Z') ON CONFLICT (username, role_id, company_db) DO NOTHING;
INSERT INTO user_roles (username, role_id, company_db, granted_by, granted_at) VALUES ('sticontapanama', '7', '*', 'system', '2025-10-25T10:33:04.901Z') ON CONFLICT (username, role_id, company_db) DO NOTHING;
INSERT INTO user_roles (username, role_id, company_db, granted_by, granted_at) VALUES ('sticreyes', '7', '*', 'system', '2025-10-25T10:33:04.930Z') ON CONFLICT (username, role_id, company_db) DO NOTHING;
INSERT INTO user_roles (username, role_id, company_db, granted_by, granted_at) VALUES ('stidalvarado', '7', '*', 'system', '2025-10-25T10:33:04.958Z') ON CONFLICT (username, role_id, company_db) DO NOTHING;
INSERT INTO user_roles (username, role_id, company_db, granted_by, granted_at) VALUES ('stidavila', '7', '*', 'system', '2025-10-25T10:33:04.984Z') ON CONFLICT (username, role_id, company_db) DO NOTHING;
INSERT INTO user_roles (username, role_id, company_db, granted_by, granted_at) VALUES ('stidchacon', '7', '*', 'system', '2025-10-25T10:33:05.011Z') ON CONFLICT (username, role_id, company_db) DO NOTHING;
INSERT INTO user_roles (username, role_id, company_db, granted_by, granted_at) VALUES ('stidespinoza', '7', '*', 'system', '2025-10-25T10:33:05.033Z') ON CONFLICT (username, role_id, company_db) DO NOTHING;
INSERT INTO user_roles (username, role_id, company_db, granted_by, granted_at) VALUES ('stidhernandez', '7', '*', 'system', '2025-10-25T10:33:05.054Z') ON CONFLICT (username, role_id, company_db) DO NOTHING;
INSERT INTO user_roles (username, role_id, company_db, granted_by, granted_at) VALUES ('stidrivas', '17', NULL, 'stifmolina2', '2025-10-17T20:56:33.470Z') ON CONFLICT (username, role_id, company_db) DO NOTHING;
INSERT INTO user_roles (username, role_id, company_db, granted_by, granted_at) VALUES ('stiechaparro', '7', '*', 'system', '2025-10-25T10:33:05.076Z') ON CONFLICT (username, role_id, company_db) DO NOTHING;
INSERT INTO user_roles (username, role_id, company_db, granted_by, granted_at) VALUES ('stiejimenez', '7', '*', 'system', '2025-10-25T10:33:05.092Z') ON CONFLICT (username, role_id, company_db) DO NOTHING;
INSERT INTO user_roles (username, role_id, company_db, granted_by, granted_at) VALUES ('stiemora', '7', '*', 'system', '2025-10-25T10:33:05.107Z') ON CONFLICT (username, role_id, company_db) DO NOTHING;
INSERT INTO user_roles (username, role_id, company_db, granted_by, granted_at) VALUES ('stieparis', '7', '*', 'system', '2025-10-25T10:33:05.123Z') ON CONFLICT (username, role_id, company_db) DO NOTHING;
INSERT INTO user_roles (username, role_id, company_db, granted_by, granted_at) VALUES ('stieramirez', '7', 'SBO_STIACR_PROD', 'system', '2025-10-21T20:26:27.648Z') ON CONFLICT (username, role_id, company_db) DO NOTHING;
INSERT INTO user_roles (username, role_id, company_db, granted_by, granted_at) VALUES ('stiesramirez', '7', '*', 'system', '2025-10-25T10:33:05.140Z') ON CONFLICT (username, role_id, company_db) DO NOTHING;
INSERT INTO user_roles (username, role_id, company_db, granted_by, granted_at) VALUES ('stifmolina', '1', 'ALL', 'stifmolina2', '2025-10-17T19:56:13.421Z') ON CONFLICT (username, role_id, company_db) DO NOTHING;
INSERT INTO user_roles (username, role_id, company_db, granted_by, granted_at) VALUES ('stifmolina2', '1', '*', 'system', '2025-10-16T21:31:21.744Z') ON CONFLICT (username, role_id, company_db) DO NOTHING;
INSERT INTO user_roles (username, role_id, company_db, granted_by, granted_at) VALUES ('stifmolina2', '1', NULL, 'system', '2025-10-17T17:09:18.650Z') ON CONFLICT (username, role_id, company_db) DO NOTHING;
INSERT INTO user_roles (username, role_id, company_db, granted_by, granted_at) VALUES ('stifperez', '7', '*', 'system', '2025-10-25T10:33:05.154Z') ON CONFLICT (username, role_id, company_db) DO NOTHING;
INSERT INTO user_roles (username, role_id, company_db, granted_by, granted_at) VALUES ('stifquiros', '7', '*', 'system', '2025-10-25T10:33:05.173Z') ON CONFLICT (username, role_id, company_db) DO NOTHING;
INSERT INTO user_roles (username, role_id, company_db, granted_by, granted_at) VALUES ('stigcampos', '7', '*', 'system', '2025-10-25T10:33:05.189Z') ON CONFLICT (username, role_id, company_db) DO NOTHING;
INSERT INTO user_roles (username, role_id, company_db, granted_by, granted_at) VALUES ('stigmendez', '7', '*', 'system', '2025-10-25T10:33:05.213Z') ON CONFLICT (username, role_id, company_db) DO NOTHING;
INSERT INTO user_roles (username, role_id, company_db, granted_by, granted_at) VALUES ('stihcastro', '7', '*', 'system', '2025-10-25T10:33:05.239Z') ON CONFLICT (username, role_id, company_db) DO NOTHING;
INSERT INTO user_roles (username, role_id, company_db, granted_by, granted_at) VALUES ('stihwong', '7', '*', 'system', '2025-10-25T10:33:05.268Z') ON CONFLICT (username, role_id, company_db) DO NOTHING;
INSERT INTO user_roles (username, role_id, company_db, granted_by, granted_at) VALUES ('stiiarceyut', '7', '*', 'system', '2025-10-25T10:33:05.295Z') ON CONFLICT (username, role_id, company_db) DO NOTHING;
INSERT INTO user_roles (username, role_id, company_db, granted_by, granted_at) VALUES ('stijcastillo', '7', '*', 'system_script', '2025-10-24T18:45:42.681Z') ON CONFLICT (username, role_id, company_db) DO NOTHING;
INSERT INTO user_roles (username, role_id, company_db, granted_by, granted_at) VALUES ('stijgarita', '7', '*', 'system', '2025-10-25T10:33:05.323Z') ON CONFLICT (username, role_id, company_db) DO NOTHING;
INSERT INTO user_roles (username, role_id, company_db, granted_by, granted_at) VALUES ('stijmendoza', '7', '*', 'system', '2025-10-25T10:33:05.352Z') ON CONFLICT (username, role_id, company_db) DO NOTHING;
INSERT INTO user_roles (username, role_id, company_db, granted_by, granted_at) VALUES ('stijperez', '7', '*', 'system', '2025-10-25T10:33:05.366Z') ON CONFLICT (username, role_id, company_db) DO NOTHING;
INSERT INTO user_roles (username, role_id, company_db, granted_by, granted_at) VALUES ('stijpicado', '7', '*', 'system', '2025-10-25T10:33:05.384Z') ON CONFLICT (username, role_id, company_db) DO NOTHING;
INSERT INTO user_roles (username, role_id, company_db, granted_by, granted_at) VALUES ('stijramirez', '7', '*', 'system', '2025-10-25T10:33:05.406Z') ON CONFLICT (username, role_id, company_db) DO NOTHING;
INSERT INTO user_roles (username, role_id, company_db, granted_by, granted_at) VALUES ('stijruiz', '7', '*', 'system', '2025-10-25T10:33:05.431Z') ON CONFLICT (username, role_id, company_db) DO NOTHING;
INSERT INTO user_roles (username, role_id, company_db, granted_by, granted_at) VALUES ('stijsan', '7', '*', 'system', '2025-10-25T10:33:05.455Z') ON CONFLICT (username, role_id, company_db) DO NOTHING;
INSERT INTO user_roles (username, role_id, company_db, granted_by, granted_at) VALUES ('stijvega', '7', '*', 'system', '2025-10-25T10:33:05.483Z') ON CONFLICT (username, role_id, company_db) DO NOTHING;
INSERT INTO user_roles (username, role_id, company_db, granted_by, granted_at) VALUES ('stikdinarte', '7', '*', 'system', '2025-10-25T10:33:05.510Z') ON CONFLICT (username, role_id, company_db) DO NOTHING;
INSERT INTO user_roles (username, role_id, company_db, granted_by, granted_at) VALUES ('stiksolera', '7', '*', 'system', '2025-10-25T10:33:05.533Z') ON CONFLICT (username, role_id, company_db) DO NOTHING;
INSERT INTO user_roles (username, role_id, company_db, granted_by, granted_at) VALUES ('stikzamora', '7', '*', 'system', '2025-10-25T10:33:05.552Z') ON CONFLICT (username, role_id, company_db) DO NOTHING;
INSERT INTO user_roles (username, role_id, company_db, granted_by, granted_at) VALUES ('stilburgos', '7', '*', 'system', '2025-10-25T10:33:05.578Z') ON CONFLICT (username, role_id, company_db) DO NOTHING;
INSERT INTO user_roles (username, role_id, company_db, granted_by, granted_at) VALUES ('stilherrera', '7', '*', 'system', '2025-10-25T10:33:05.606Z') ON CONFLICT (username, role_id, company_db) DO NOTHING;
INSERT INTO user_roles (username, role_id, company_db, granted_by, granted_at) VALUES ('stilortega', '7', '*', 'system', '2025-10-25T10:33:05.628Z') ON CONFLICT (username, role_id, company_db) DO NOTHING;
INSERT INTO user_roles (username, role_id, company_db, granted_by, granted_at) VALUES ('stimarodriguez', '7', '*', 'system', '2025-10-25T10:33:05.648Z') ON CONFLICT (username, role_id, company_db) DO NOTHING;
INSERT INTO user_roles (username, role_id, company_db, granted_by, granted_at) VALUES ('stimcarvajal', '7', '*', 'system', '2025-10-25T10:32:11.502Z') ON CONFLICT (username, role_id, company_db) DO NOTHING;
INSERT INTO user_roles (username, role_id, company_db, granted_by, granted_at) VALUES ('stimcespedes', '7', '*', 'system', '2025-10-25T10:33:05.671Z') ON CONFLICT (username, role_id, company_db) DO NOTHING;
INSERT INTO user_roles (username, role_id, company_db, granted_by, granted_at) VALUES ('stimchacon', '7', '*', 'system', '2025-10-25T10:33:05.691Z') ON CONFLICT (username, role_id, company_db) DO NOTHING;
INSERT INTO user_roles (username, role_id, company_db, granted_by, granted_at) VALUES ('stimcoto', '7', '*', 'system', '2025-10-25T10:33:05.710Z') ON CONFLICT (username, role_id, company_db) DO NOTHING;
INSERT INTO user_roles (username, role_id, company_db, granted_by, granted_at) VALUES ('stimgonzalez', '7', '*', 'system', '2025-10-25T10:32:11.542Z') ON CONFLICT (username, role_id, company_db) DO NOTHING;
INSERT INTO user_roles (username, role_id, company_db, granted_by, granted_at) VALUES ('stimjimenez', '7', '*', 'system', '2025-10-25T10:33:05.727Z') ON CONFLICT (username, role_id, company_db) DO NOTHING;
INSERT INTO user_roles (username, role_id, company_db, granted_by, granted_at) VALUES ('stimmarin', '7', '*', 'system', '2025-10-25T10:33:05.747Z') ON CONFLICT (username, role_id, company_db) DO NOTHING;
INSERT INTO user_roles (username, role_id, company_db, granted_by, granted_at) VALUES ('stimperez', '1', NULL, 'stifmolina2', '2025-10-17T20:57:38.153Z') ON CONFLICT (username, role_id, company_db) DO NOTHING;
INSERT INTO user_roles (username, role_id, company_db, granted_by, granted_at) VALUES ('stimperez', '7', NULL, 'stifmolina2', '2025-10-21T20:41:00.275Z') ON CONFLICT (username, role_id, company_db) DO NOTHING;
INSERT INTO user_roles (username, role_id, company_db, granted_by, granted_at) VALUES ('stimramirez', '7', '*', 'system', '2025-10-25T10:33:05.768Z') ON CONFLICT (username, role_id, company_db) DO NOTHING;
INSERT INTO user_roles (username, role_id, company_db, granted_by, granted_at) VALUES ('stimrodriguez', '7', '*', 'system', '2025-10-25T10:33:05.787Z') ON CONFLICT (username, role_id, company_db) DO NOTHING;
INSERT INTO user_roles (username, role_id, company_db, granted_by, granted_at) VALUES ('stimvargas', '7', '*', 'system', '2025-10-25T10:33:05.809Z') ON CONFLICT (username, role_id, company_db) DO NOTHING;
INSERT INTO user_roles (username, role_id, company_db, granted_by, granted_at) VALUES ('stinroque', '7', '*', 'system', '2025-10-25T10:33:05.829Z') ON CONFLICT (username, role_id, company_db) DO NOTHING;
INSERT INTO user_roles (username, role_id, company_db, granted_by, granted_at) VALUES ('stinsalazar', '7', '*', 'system', '2025-10-25T10:33:05.849Z') ON CONFLICT (username, role_id, company_db) DO NOTHING;
INSERT INTO user_roles (username, role_id, company_db, granted_by, granted_at) VALUES ('stiocruz', '7', '*', 'system', '2025-10-25T10:33:05.873Z') ON CONFLICT (username, role_id, company_db) DO NOTHING;
INSERT INTO user_roles (username, role_id, company_db, granted_by, granted_at) VALUES ('stiorosas', '7', '*', 'system', '2025-10-25T10:33:05.900Z') ON CONFLICT (username, role_id, company_db) DO NOTHING;
INSERT INTO user_roles (username, role_id, company_db, granted_by, granted_at) VALUES ('stipcamacho', '7', '*', 'system', '2025-10-25T10:33:05.930Z') ON CONFLICT (username, role_id, company_db) DO NOTHING;
INSERT INTO user_roles (username, role_id, company_db, granted_by, granted_at) VALUES ('stipcastro', '7', '*', 'system', '2025-10-25T10:33:05.958Z') ON CONFLICT (username, role_id, company_db) DO NOTHING;
INSERT INTO user_roles (username, role_id, company_db, granted_by, granted_at) VALUES ('stirarguello', '7', '*', 'system', '2025-10-25T10:33:05.981Z') ON CONFLICT (username, role_id, company_db) DO NOTHING;
INSERT INTO user_roles (username, role_id, company_db, granted_by, granted_at) VALUES ('stirvargas', '7', '*', 'system', '2025-10-25T10:33:06.004Z') ON CONFLICT (username, role_id, company_db) DO NOTHING;
INSERT INTO user_roles (username, role_id, company_db, granted_by, granted_at) VALUES ('stirzuniga', '7', '*', 'system', '2025-10-25T10:33:06.031Z') ON CONFLICT (username, role_id, company_db) DO NOTHING;
INSERT INTO user_roles (username, role_id, company_db, granted_by, granted_at) VALUES ('stishernandez', '7', '*', 'system', '2025-10-25T10:33:06.057Z') ON CONFLICT (username, role_id, company_db) DO NOTHING;
INSERT INTO user_roles (username, role_id, company_db, granted_by, granted_at) VALUES ('stisnoguera', '7', '*', 'system', '2025-10-25T10:33:06.091Z') ON CONFLICT (username, role_id, company_db) DO NOTHING;
INSERT INTO user_roles (username, role_id, company_db, granted_by, granted_at) VALUES ('stivponce', '7', '*', 'system', '2025-10-25T10:33:06.126Z') ON CONFLICT (username, role_id, company_db) DO NOTHING;
INSERT INTO user_roles (username, role_id, company_db, granted_by, granted_at) VALUES ('stivrojas', '7', '*', 'system', '2025-10-25T10:33:06.148Z') ON CONFLICT (username, role_id, company_db) DO NOTHING;
INSERT INTO user_roles (username, role_id, company_db, granted_by, granted_at) VALUES ('stiwzerpa', '7', '*', 'system', '2025-10-25T10:33:06.169Z') ON CONFLICT (username, role_id, company_db) DO NOTHING;
INSERT INTO user_roles (username, role_id, company_db, granted_by, granted_at) VALUES ('stiysalas', '7', '*', 'system', '2025-10-25T10:33:06.191Z') ON CONFLICT (username, role_id, company_db) DO NOTHING;
INSERT INTO user_roles (username, role_id, company_db, granted_by, granted_at) VALUES ('Support', '7', '*', 'system', '2025-10-25T10:33:06.214Z') ON CONFLICT (username, role_id, company_db) DO NOTHING;
INSERT INTO user_roles (username, role_id, company_db, granted_by, granted_at) VALUES ('Workflow', '7', '*', 'system', '2025-10-25T10:33:06.234Z') ON CONFLICT (username, role_id, company_db) DO NOTHING;
INSERT INTO user_roles (username, role_id, company_db, granted_by, granted_at) VALUES ('zn1gawx3qRg8bgTs1Ogv4A==', '7', '*', 'system', '2025-10-25T10:33:06.258Z') ON CONFLICT (username, role_id, company_db) DO NOTHING;

-- Rehabilitar triggers y constraints
SET session_replication_role = 'origin';

-- Actualizar secuencias
SELECT setval('roles_id_seq', COALESCE((SELECT MAX(id) FROM roles), 1));
SELECT setval('permissions_id_seq', COALESCE((SELECT MAX(id) FROM permissions), 1));
SELECT setval('pages_id_seq', COALESCE((SELECT MAX(id) FROM pages), 1));
